id,target
0,16406
1,9915
2,2778
3,3310
4,4545
5,790
6,10635
7,584
8,114286
9,184
10,358
11,21213
12,205
13,5406
14,20535
15,33268
16,48716
17,30810
18,100198
19,2325
20,5192
21,96351
22,12543
23,15188
24,8304
25,3289
26,35581
27,6028
28,3666
29,53577
30,84144
31,3681
32,2262
33,79005
34,41638
35,279
36,20478
37,7347
38,31457
39,12816
40,23065
41,1094
42,4579
43,14992
44,769397
45,11717
46,403
47,154318
48,8304
49,3926
50,863
51,34140
52,2246
53,9071
54,5456
55,297
56,10202
57,778
58,23604
59,2661
60,2203
61,51593
62,741
63,976
64,9095
65,6874
66,235
67,1264
68,317
69,48322
70,14747
71,23643
72,14441
73,105238
74,13625
75,60
76,1778
77,216707
78,14337
79,8125
80,17434
81,8168
82,98558
83,106
84,4562
85,354
86,4795
87,297
88,22438
89,65698
90,78
91,4653
92,7751
93,13960
94,153
95,1316
96,152432
97,10908
98,7091
99,56430
100,31936
101,476
102,2846
103,7010
104,649
105,3399
106,25221
107,38119
108,34140
109,8631
110,4716
111,3339
112,14352
113,3947
114,4562
115,78074
116,5537
117,4675
118,15036
119,23503
120,18052
121,53705
122,13625
123,122786
124,427
125,10860
126,34885
127,19778
128,28236
129,427
130,13830
131,8302
132,344
133,110
134,105644
135,33268
136,999
137,361
138,4742
139,100198
140,10135
141,53705
142,9071
143,25023
144,29626
145,5559
146,1376
147,49469
148,3380
149,33287
150,574
151,140246
152,56484
153,806
154,19334
155,49464
156,5045
157,1036
158,86
159,2971
160,5036
161,781
162,258
163,32249
164,39237
165,39211
166,34508
167,361
168,34885
169,13022
170,3943
171,2171
172,72470
173,36111
174,19926
175,910
176,1039
177,129
178,2721
179,2204
180,19037
181,20065
182,23140
183,96358
184,29841
185,12691
186,15353
187,1780
188,6936
189,45431
190,9528
191,13979
192,71035
193,2438
194,3394
195,1220
196,10862
197,8973
198,3878
199,3694
200,44936
201,2740
202,3392
203,975
204,37661
205,3702
206,3681
207,1366
208,14150
209,27971
210,16897
211,851
212,36877
213,14441
214,19582
215,2556
216,38975
217,7252
218,27971
219,2124
220,56074
221,32249
222,53781
223,84144
224,40
225,13089
226,26734
227,21283
228,15188
229,910
230,8957
231,17302
232,100793
233,39211
234,10197
235,679
236,92084
237,1135
238,23643
239,20580
240,5036
241,34456
242,975
243,23503
244,29657
245,14747
246,38411
247,4569
248,34885
249,6286
250,13571
251,20535
252,153
253,4934
254,14042
255,17078
256,19926
257,3371
258,769397
259,38740
260,40155
261,56328
262,22422
263,2973
264,10225
265,54619
266,19582
267,3475
268,152
269,13543
270,740
271,1256
272,5296
273,22955
274,30999
275,2663
276,4612
277,17851
278,931
279,249427
280,290
281,29626
282,56484
283,11131
284,270
285,4787
286,44936
287,142046
288,7091
289,8631
290,1067
291,3211
292,97632
293,13830
294,1669
295,72470
296,16675
297,2374
298,6046
299,34111
300,1551
301,30002
302,29626
303,6735
304,1133
305,714
306,1506
307,10007
308,42596
309,9024
310,95198
311,11717
312,28
313,6335
314,15930
315,5161
316,794
317,344
318,11717
319,8098
320,202
321,12947
322,17796
323,95198
324,9585
325,8839
326,5697
327,34879
328,76361
329,3493
330,22800
331,127
332,481
333,13554
334,112164
335,2124
336,1694
337,781
338,4787
339,9676
340,1449
341,27324
342,8465
343,28803
344,2305
345,2738
346,1566
347,43933
348,8541
349,5798
350,120330
351,47183
352,17796
353,9793
354,10946
355,1717
356,2204
357,208
358,10050
359,14350
360,1740
361,295
362,2786
363,3441
364,83702
365,3200
366,2286
367,2738
368,5645
369,471
370,34885
371,6334
372,61010
373,32373
374,35581
375,7988
376,14223
377,3832
378,3185
379,13452
380,12744
381,1501
382,2219
383,467
384,47183
385,874
386,2361
387,1552
388,218
389,149627
390,12282
391,35517
392,4530
393,18387
394,488
395,447
396,7740
397,1086
398,8833
399,8931
400,9248
401,46113
402,34140
403,57612
404,79005
405,33296
406,4289
407,222045
408,31908
409,10727
410,647
411,21696
412,3973
413,647
414,7998
415,14468
416,49464
417,23731
418,93074
419,38975
420,55120
421,9674
422,14500
423,2388
424,1581
425,22725
426,2008
427,3040
428,33268
429,2781
430,856
431,55462
432,14042
433,33296
434,4098
435,541
436,15881
437,600
438,198
439,56018
440,119
441,6859
442,12282
443,2972
444,28803
445,19095
446,9410
447,2284
448,96183
449,140246
450,124284
451,1419
452,50122
453,2556
454,6256
455,1805
456,23604
457,11503
458,260
459,97632
460,108299
461,53705
462,29185
463,6594
464,480
465,1360
466,15746
467,2557
468,122786
469,286
470,1152
471,3880
472,20720
473,704
474,55462
475,1462
476,15237
477,2942
478,3395
479,74975
480,65827
481,21748
482,1854
483,239
484,12653
485,38029
486,16815
487,1123
488,3354
489,74975
490,5079
491,13939
492,79
493,819
494,46113
495,455
496,1426
497,37928
498,2219
499,34140
500,10993
501,19913
502,22800
503,48716
504,2554
505,1122
506,104
507,4612
508,33296
509,1088
510,20396
511,431
512,22438
513,88576
514,38975
515,4934
516,10197
517,750
518,23604
519,16535
520,153977
521,73
522,6322
523,4239
524,32196
525,21529
526,8168
527,229
528,18594
529,29185
530,5880
531,709
532,22955
533,9585
534,2912
535,25033
536,1852
537,26734
538,497
539,10852
540,4130
541,71035
542,100793
543,767
544,12345
545,125886
546,26445
547,1531
548,9698
549,2328
550,427
551,29562
552,355
553,88632
554,2690
555,51593
556,44936
557,7532
558,5556
559,3878
560,440
561,2457
562,92084
563,5383
564,6389
565,2205
566,95198
567,620
568,2816
569,1688
570,1973
571,14112
572,5359
573,37016
574,20040
575,27111
576,1132
577,25659
578,952
579,43199
580,125886
581,1419
582,21213
583,4758
584,5186
585,23643
586,8973
587,1564
588,8187
589,531
590,9676
591,68489
592,541
593,35308
594,18920
595,976
596,3190
597,340
598,226
599,10860
600,4070
601,31965
602,401
603,9674
604,9139
605,669
606,20145
607,27111
608,5805
609,583
610,1439
611,5036
612,37818
613,120330
614,1867
615,99
616,24595
617,1140
618,34456
619,13830
620,197
621,8631
622,1066
623,6650
624,10860
625,16815
626,152432
627,14441
628,12807
629,67301
630,53577
631,11717
632,14441
633,1399
634,23545
635,519
636,35032
637,8262
638,1890
639,29626
640,768
641,5749
642,78074
643,387
644,168736
645,709
646,2557
647,55135
648,1872
649,2039
650,4773
651,5571
652,78
653,12713
654,17302
655,55120
656,3394
657,22800
658,1501
659,8187
660,1787
661,17979
662,4717
663,37016
664,3934
665,7089
666,8187
667,153
668,794
669,20145
670,26734
671,9009
672,17302
673,6874
674,714
675,5448
676,25162
677,3489
678,8957
679,799
680,22725
681,277
682,147
683,3883
684,1636
685,3200
686,25221
687,522
688,216707
689,48716
690,3545
691,1335
692,42596
693,17280
694,4776
695,22438
696,3639
697,2690
698,23324
699,17796
700,9839
701,19877
702,11147
703,74975
704,10626
705,5277
706,49469
707,2367
708,171
709,268
710,11277
711,5448
712,12248
713,1112
714,4032
715,1047
716,69679
717,1566
718,35581
719,504
720,2318
721,216707
722,19913
723,14341
724,256
725,9786
726,12218
727,4021
728,49464
729,18594
730,284
731,12543
732,4265
733,2904
734,13089
735,25404
736,141
737,682
738,1409
739,27768
740,25439
741,969
742,2557
743,7154
744,3613
745,4691
746,114
747,673
748,40155
749,49469
750,409
751,421
752,53577
753,7113
754,3545
755,95
756,26914
757,26040
758,14998
759,3943
760,2415
761,141
762,55580
763,7475
764,8978
765,21696
766,13417
767,18920
768,448
769,278
770,8248
771,20219
772,2602
773,114286
774,9907
775,15454
776,22422
777,9698
778,6085
779,450
780,1047
781,34879
782,21213
783,4742
784,38411
785,3836
786,10197
787,15188
788,2842
789,22801
790,12493
791,3634
792,38411
793,34885
794,3399
795,3915
796,16761
797,6334
798,2904
799,1689
800,3659
801,216707
802,125886
803,427
804,9793
805,21213
806,11714
807,55135
808,33287
809,3878
810,9585
811,237248
812,1393
813,1630
814,31549
815,19774
816,14352
817,56484
818,14341
819,4612
820,23057
821,8187
822,4833
823,13809
824,125886
825,10876
826,23731
827,5847
828,39237
829,45590
830,17979
831,11146
832,5045
833,37510
834,2151
835,62238
836,32196
837,470
838,14924
839,20145
840,1205
841,1770
842,1501
843,12816
844,448
845,10626
846,10516
847,39242
848,9095
849,4240
850,22464
851,70
852,249427
853,15188
854,33295
855,749
856,14341
857,1907
858,162
859,6988
860,69679
861,2556
862,858
863,6206
864,751
865,35931
866,1867
867,95
868,95198
869,3284
870,41500
871,21262
872,4821
873,4562
874,53577
875,21125
876,12816
877,56328
878,4163
879,1001
880,19136
881,33170
882,4783
883,56356
884,19582
885,8961
886,1713
887,19877
888,12282
889,2171
890,6643
891,102
892,25221
893,1755
894,9787
895,738
896,15493
897,98558
898,10741
899,159
900,5697
901,33708
902,4624
903,11779
904,25659
905,14500
906,130
907,62238
908,7038
909,710
910,658
911,29626
912,10225
913,1324
914,2973
915,21473
916,5880
917,33646
918,1466
919,1043
920,95389
921,1197
922,2377
923,139
924,222045
925,4653
926,62470
927,20478
928,5022
929,9897
930,181
931,3093
932,26734
933,37928
934,280
935,14468
936,579
937,53705
938,21748
939,442
940,22543
941,1482
942,126190
943,156
944,572
945,17979
946,1703
947,21748
948,6243
949,15930
950,4110
951,47183
952,47183
953,9370
954,45590
955,5036
956,154318
957,14150
958,301
959,11277
960,11954
961,1285
962,31457
963,433
964,156
965,5022
966,10852
967,16406
968,4326
969,153977
970,36877
971,56328
972,34879
973,2024
974,20145
975,2205
976,5361
977,12345
978,9674
979,28604
980,37928
981,19751
982,4119
983,32596
984,13452
985,4675
986,1987
987,603
988,43199
989,19774
990,9907
991,3394
992,1123
993,15731
994,858
995,433
996,1566
997,40152
998,72470
999,2768
1000,110143
1001,35581
1002,29937
1003,34508
1004,23895
1005,142046
1006,6450
1007,1255
1008,149627
1009,12713
1010,595
1011,8961
1012,11190
1013,8871
1014,29974
1015,284
1016,2204
1017,202
1018,23057
1019,1811
1020,27768
1021,2686
1022,15353
1023,297
1024,67301
1025,43199
1026,8586
1027,17589
1028,131
1029,1076
1030,41500
1031,93285
1032,34140
1033,9879
1034,2915
1035,26896
1036,11473
1037,12218
1038,56484
1039,5786
1040,23744
1041,6735
1042,9636
1043,88590
1044,27971
1045,108299
1046,9897
1047,172
1048,26506
1049,3843
1050,44
1051,56484
1052,222045
1053,43592
1054,33287
1055,13830
1056,22543
1057,20065
1058,19951
1059,2764
1060,49650
1061,4892
1062,10075
1063,88632
1064,767
1065,5036
1066,6322
1067,7532
1068,24175
1069,290
1070,69679
1071,21473
1072,14796
1073,12807
1074,1713
1075,21529
1076,23826
1077,31498
1078,2205
1079,2909
1080,3211
1081,96183
1082,4329
1083,96358
1084,20535
1085,23744
1086,2283
1087,71035
1088,4138
1089,37491
1090,22402
1091,26445
1092,1340
1093,2929
1094,1219
1095,49464
1096,1169
1097,11892
1098,18145
1099,1127
1100,154854
1101,973
1102,20145
1103,19004
1104,247
1105,3068
1106,340
1107,93285
1108,3850
1109,17762
1110,295
1111,1242
1112,100793
1113,120330
1114,42160
1115,9907
1116,1558
1117,931
1118,2597
1119,56484
1120,14337
1121,83702
1122,61813
1123,323
1124,33296
1125,24207
1126,24595
1127,21473
1128,2868
1129,1605
1130,9535
1131,1127
1132,1925
1133,3185
1134,47183
1135,79005
1136,18806
1137,9528
1138,6252
1139,2284
1140,556
1141,167
1142,253
1143,3306
1144,207
1145,33268
1146,25023
1147,13903
1148,10703
1149,78074
1150,49671
1151,12807
1152,1929
1153,39529
1154,142046
1155,120330
1156,34456
1157,222045
1158,6537
1159,797
1160,444
1161,22402
1162,604
1163,35931
1164,23643
1165,36877
1166,37661
1167,11717
1168,6949
1169,162
1170,1208
1171,1067
1172,3310
1173,2842
1174,2970
1175,16897
1176,220
1177,13452
1178,30002
1179,443
1180,53705
1181,3165
1182,14954
1183,69679
1184,2382
1185,95389
1186,5517
1187,30999
1188,16051
1189,737
1190,13830
1191,10876
1192,2450
1193,22402
1194,1771
1195,976
1196,7849
1197,1419
1198,5880
1199,56328
1200,12543
1201,4326
1202,15216
1203,74975
1204,178
1205,6716
1206,95389
1207,10946
1208,8057
1209,12447
1210,578
1211,1133
1212,15188
1213,14341
1214,209789
1215,21283
1216,23826
1217,112
1218,12807
1219,858
1220,33708
1221,66995
1222,11646
1223,25472
1224,1642
1225,98558
1226,56356
1227,41500
1228,3753
1229,79005
1230,37083
1231,11786
1232,3228
1233,140828
1234,23990
1235,124284
1236,1076
1237,18119
1238,79005
1239,39242
1240,2151
1241,327
1242,353
1243,32596
1244,33646
1245,1468
1246,13571
1247,62470
1248,391
1249,8583
1250,19133
1251,87
1252,21478
1253,11147
1254,1680
1255,19095
1256,420
1257,102716
1258,108299
1259,50321
1260,5880
1261,67301
1262,5880
1263,21478
1264,289
1265,3232
1266,20706
1267,97632
1268,100793
1269,41500
1270,10599
1271,20737
1272,96358
1273,6988
1274,32373
1275,10323
1276,28526
1277,3764
1278,8107
1279,48716
1280,9660
1281,13625
1282,732
1283,2708
1284,16105
1285,19095
1286,34508
1287,5775
1288,476
1289,1425
1290,711
1291,142046
1292,277
1293,175
1294,142046
1295,8957
1296,21478
1297,5702
1298,1370
1299,37661
1300,3505
1301,98558
1302,11646
1303,3832
1304,1974
1305,13452
1306,813
1307,1080
1308,1920
1309,1491
1310,2203
1311,13554
1312,60289
1313,20706
1314,4163
1315,4860
1316,49464
1317,98558
1318,794
1319,53577
1320,4758
1321,48322
1322,15829
1323,3316
1324,33708
1325,21418
1326,32596
1327,1239
1328,39211
1329,3239
1330,892
1331,5077
1332,2740
1333,16761
1334,5697
1335,31965
1336,1137
1337,16814
1338,118261
1339,31936
1340,25894
1341,1688
1342,1082
1343,56484
1344,142046
1345,682
1346,2325
1347,448
1348,96351
1349,12543
1350,7998
1351,12039
1352,20396
1353,33672
1354,4340
1355,22438
1356,10703
1357,11261
1358,6650
1359,33268
1360,14347
1361,635
1362,23895
1363,34456
1364,39237
1365,455
1366,10599
1367,41638
1368,48716
1369,39237
1370,1398
1371,36860
1372,1220
1373,126190
1374,4623
1375,136
1376,2246
1377,13543
1378,1713
1379,10154
1380,3545
1381,21082
1382,142046
1383,707
1384,2171
1385,11503
1386,15210
1387,1066
1388,6650
1389,126190
1390,11344
1391,3339
1392,25221
1393,41426
1394,118
1395,224
1396,4178
1397,1088
1398,1801
1399,34885
1400,21262
1401,14875
1402,1982
1403,11190
1404,8814
1405,4163
1406,8273
1407,8437
1408,49464
1409,427
1410,18743
1411,25162
1412,69679
1413,1963
1414,96
1415,2462
1416,6335
1417,878472
1418,3704
1419,13979
1420,4562
1421,16535
1422,5229
1423,4240
1424,49464
1425,1770
1426,29562
1427,62238
1428,2325
1429,48529
1430,20720
1431,13089
1432,18368
1433,6023
1434,44936
1435,29841
1436,21283
1437,15470
1438,35581
1439,29626
1440,242
1441,496
1442,35517
1443,1462
1444,11717
1445,37016
1446,6859
1447,283
1448,8631
1449,12669
1450,16535
1451,11503
1452,7089
1453,3634
1454,10010
1455,4685
1456,165308
1457,203
1458,7766
1459,11277
1460,14468
1461,27230
1462,10860
1463,203
1464,704
1465,73561
1466,2567
1467,10390
1468,95389
1469,37975
1470,110143
1471,13906
1472,5147
1473,7131
1474,11303
1475,152432
1476,615
1477,21748
1478,14150
1479,2450
1480,3219
1481,2973
1482,34140
1483,9676
1484,10050
1485,12614
1486,12248
1487,804
1488,32507
1489,1780
1490,38740
1491,4240
1492,2462
1493,66
1494,61010
1495,42596
1496,4545
1497,9095
1498,37661
1499,851
1500,1503
1501,2084
1502,33296
1503,56074
1504,8437
1505,13906
1506,55120
1507,1096
1508,9382
1509,16897
1510,3139
1511,21748
1512,29657
1513,40155
1514,7766
1515,19037
1516,13960
1517,88576
1518,207
1519,1419
1520,47183
1521,242
1522,1597
1523,29185
1524,448
1525,969
1526,709
1527,95389
1528,2663
1529,3842
1530,110143
1531,52029
1532,9382
1533,436
1534,46754
1535,3343
1536,133
1537,21443
1538,26734
1539,25221
1540,48716
1541,9647
1542,2440
1543,410
1544,2293
1545,4082
1546,33287
1547,1047
1548,125886
1549,178
1550,10509
1551,32596
1552,26734
1553,8274
1554,98558
1555,7038
1556,18119
1557,76975
1558,27324
1559,836
1560,30999
1561,8125
1562,37818
1563,7060
1564,105644
1565,34140
1566,19004
1567,15930
1568,13684
1569,16807
1570,2349
1571,1874
1572,36860
1573,19334
1574,558
1575,10075
1576,34855
1577,57612
1578,12447
1579,13809
1580,6657
1581,437
1582,140246
1583,6970
1584,30002
1585,118824
1586,2040
1587,27324
1588,3880
1589,1407
1590,20040
1591,222045
1592,15036
1593,29185
1594,122786
1595,118261
1596,260
1597,22402
1598,16815
1599,47183
1600,10050
1601,10015
1602,16807
1603,21696
1604,22034
1605,47716
1606,10050
1607,280
1608,5800
1609,13668
1610,1088
1611,46082
1612,53055
1613,240
1614,2008
1615,15069
1616,37818
1617,5144
1618,3805
1619,71373
1620,93074
1621,9489
1622,1399
1623,76001
1624,1716
1625,4607
1626,6899
1627,14747
1628,22438
1629,20856
1630,13022
1631,86479
1632,20145
1633,3219
1634,3442
1635,8304
1636,11891
1637,739
1638,428
1639,71699
1640,222045
1641,1482
1642,109
1643,8631
1644,2938
1645,46113
1646,33708
1647,412
1648,15210
1649,73561
1650,36111
1651,1296
1652,33296
1653,53781
1654,39211
1655,9446
1656,2325
1657,135
1658,297
1659,4110
1660,32133
1661,772
1662,13668
1663,54619
1664,21125
1665,33287
1666,50122
1667,392
1668,125886
1669,2321
1670,11147
1671,1642
1672,17662
1673,3114
1674,18920
1675,19334
1676,381
1677,150
1678,632
1679,11277
1680,68489
1681,37157
1682,1160
1683,10430
1684,9071
1685,6450
1686,25464
1687,245
1688,29843
1689,27111
1690,133
1691,95198
1692,6594
1693,2747
1694,4691
1695,22422
1696,105
1697,1288
1698,20535
1699,76001
1700,152
1701,8187
1702,55120
1703,13809
1704,28833
1705,118824
1706,47473
1707,1409
1708,1858
1709,26445
1710,1196
1711,4172
1712,124284
1713,243
1714,1123
1715,231
1716,3708
1717,12614
1718,13119
1719,114286
1720,2600
1721,222045
1722,10359
1723,15069
1724,2241
1725,3842
1726,84144
1727,10430
1728,4720
1729,24608
1730,19004
1731,96183
1732,5880
1733,5022
1734,13939
1735,44936
1736,78074
1737,15454
1738,3270
1739,122786
1740,25221
1741,1123
1742,2786
1743,1867
1744,12807
1745,2286
1746,5083
1747,846
1748,8648
1749,17979
1750,1580
1751,10390
1752,26896
1753,8814
1754,14954
1755,52343
1756,4249
1757,3510
1758,51948
1759,5537
1760,10007
1761,10516
1762,16675
1763,3850
1764,524
1765,1489
1766,27230
1767,8228
1768,109
1769,10727
1770,19751
1771,25404
1772,3943
1773,16296
1774,37928
1775,8814
1776,76975
1777,1055
1778,1846
1779,1494
1780,66995
1781,5359
1782,10876
1783,16897
1784,75281
1785,4765
1786,3468
1787,1854
1788,1703
1789,4032
1790,93074
1791,1067
1792,216707
1793,154318
1794,20145
1795,88632
1796,135
1797,15731
1798,11853
1799,20396
1800,10015
1801,2450
1802,1393
1803,15210
1804,37818
1805,3943
1806,14337
1807,49053
1808,324
1809,16707
1810,38411
1811,2845
1812,23545
1813,67301
1814,4429
1815,290
1816,9370
1817,2778
1818,1516
1819,7597
1820,68489
1821,16617
1822,13682
1823,1376
1824,6085
1825,30742
1826,3211
1827,17589
1828,289
1829,750
1830,1146
1831,1988
1832,7183
1833,9370
1834,25439
1835,5368
1836,6335
1837,29626
1838,126
1839,88590
1840,25221
1841,3093
1842,6110
1843,30999
1844,1264
1845,1078
1846,49053
1847,3753
1848,5406
1849,75016
1850,249427
1851,11814
1852,37083
1853,1811
1854,19877
1855,13979
1856,22955
1857,782
1858,8880
1859,15148
1860,28604
1861,34140
1862,335
1863,18052
1864,79114
1865,50122
1866,18527
1867,4844
1868,38
1869,358859
1870,181
1871,21696
1872,6071
1873,5624
1874,6322
1875,19004
1876,10050
1877,11906
1878,15188
1879,29626
1880,11344
1881,37928
1882,54619
1883,460
1884,204
1885,32596
1886,206
1887,32596
1888,24175
1889,976
1890,302
1891,16105
1892,22611
1893,6389
1894,181
1895,3394
1896,68489
1897,19035
1898,9674
1899,4691
1900,289
1901,119
1902,6432
1903,110143
1904,1680
1905,5049
1906,229
1907,13022
1908,28147
1909,1123
1910,220
1911,206
1912,17979
1913,83702
1914,1854
1915,8961
1916,14112
1917,17979
1918,22904
1919,202
1920,21283
1921,61813
1922,19334
1923,1335
1924,73
1925,53781
1926,1491
1927,6322
1928,57326
1929,152432
1930,100793
1931,203
1932,3316
1933,8304
1934,1734
1935,22611
1936,3943
1937,12713
1938,578
1939,3468
1940,53592
1941,1366
1942,22904
1943,13089
1944,13378
1945,19004
1946,2055
1947,2934
1948,30810
1949,1382
1950,67
1951,544
1952,37157
1953,97632
1954,447
1955,76001
1956,34140
1957,37928
1958,5697
1959,45590
1960,32387
1961,105644
1962,2245
1963,1367
1964,27768
1965,216707
1966,13571
1967,1973
1968,2904
1969,4717
1970,1990
1971,34885
1972,96351
1973,327
1974,19582
1975,53577
1976,34885
1977,9839
1978,13554
1979,24207
1980,38740
1981,31457
1982,765
1983,828
1984,1882
1985,6381
1986,1613
1987,108299
1988,2241
1989,10703
1990,3843
1991,1638
1992,20535
1993,20240
1994,93285
1995,10075
1996,23644
1997,12744
1998,3468
1999,11503
2000,2600
2001,5887
2002,467
2003,34885
2004,749
2005,3843
2006,2738
2007,231
2008,2721
2009,30999
2010,7763
2011,49671
2012,6243
2013,15210
2014,6175
2015,55322
2016,10860
2017,26506
2018,7089
2019,71373
2020,6420
2021,2860
2022,45979
2023,41145
2024,8194
2025,13625
2026,392
2027,33295
2028,39529
2029,232
2030,164
2031,37016
2032,20240
2033,3545
2034,122786
2035,24819
2036,33268
2037,13543
2038,28604
2039,26353
2040,1755
2041,2418
2042,26445
2043,69679
2044,10626
2045,18794
2046,25464
2047,4160
2048,9489
2049,7089
2050,455
2051,32196
2052,17078
2053,18527
2054,356
2055,49464
2056,35581
2057,17434
2058,47195
2059,1187
2060,10860
2061,14772
2062,2194
2063,13452
2064,56484
2065,83702
2066,31908
2067,23537
2068,414
2069,14112
2070,19582
2071,229
2072,1047
2073,7998
2074,1419
2075,46082
2076,38411
2077,2128
2078,3343
2079,2998
2080,25439
2081,10007
2082,9508
2083,34885
2084,12973
2085,327
2086,3878
2087,18594
2088,44740
2089,13571
2090,53592
2091,1870
2092,4773
2093,20706
2094,3839
2095,1066
2096,512
2097,9698
2098,153
2099,495
2100,37510
2101,938
2102,93285
2103,79005
2104,153977
2105,767
2106,13571
2107,1688
2108,3842
2109,34885
2110,222045
2111,1399
2112,202
2113,786
2114,5079
2115,36111
2116,3666
2117,2909
2118,41167
2119,13960
2120,1118
2121,7030
2122,13830
2123,219
2124,14992
2125,1557
2126,5098
2127,9907
2128,162
2129,11891
2130,13684
2131,29580
2132,49053
2133,461
2134,29185
2135,1187
2136,2845
2137,225
2138,126190
2139,16617
2140,6479
2141,1048
2142,93074
2143,49671
2144,4569
2145,10516
2146,5036
2147,3915
2148,15076
2149,1252
2150,28907
2151,2163
2152,806
2153,22438
2154,4375
2155,75016
2156,10516
2157,364
2158,13119
2159,19001
2160,12816
2161,3694
2162,1219
2163,33170
2164,34456
2165,1109
2166,23057
2167,12669
2168,877
2169,4787
2170,10862
2171,209
2172,427
2173,142046
2174,543
2175,3169
2176,406
2177,49469
2178,1316
2179,30810
2180,15454
2181,5229
2182,12218
2183,2575
2184,97632
2185,93285
2186,3025
2187,3542
2188,56328
2189,31936
2190,881
2191,1566
2192,29
2193,19004
2194,44936
2195,19334
2196,12653
2197,1598
2198,27
2199,1494
2200,947
2201,2489
2202,31457
2203,1040
2204,14347
2205,98558
2206,995
2207,88590
2208,1081
2209,1941
2210,2462
2211,11891
2212,23057
2213,1581
2214,86
2215,38411
2216,1197
2217,10860
2218,11277
2219,139
2220,400
2221,116160
2222,5098
2223,10219
2224,4081
2225,21213
2226,5368
2227,2450
2228,1932
2229,20535
2230,15881
2231,31908
2232,17762
2233,1107
2234,29626
2235,5077
2236,22725
2237,2203
2238,225
2239,1909
2240,122
2241,6936
2242,34879
2243,20219
2244,2813
2245,16051
2246,6650
2247,9248
2248,8262
2249,8814
2250,333
2251,43592
2252,63540
2253,667
2254,3934
2255,10050
2256,297
2257,9793
2258,22438
2259,1854
2260,12691
2261,734
2262,16807
2263,34885
2264,22422
2265,27111
2266,33708
2267,22422
2268,37016
2269,305
2270,2293
2271,34508
2272,8503
2273,16546
2274,2368
2275,3209
2276,427
2277,7180
2278,13022
2279,7435
2280,43592
2281,23545
2282,374
2283,18368
2284,72470
2285,33287
2286,7961
2287,23826
2288,5517
2289,286
2290,1173
2291,83702
2292,2970
2293,3310
2294,4183
2295,859
2296,3286
2297,16192
2298,92084
2299,1750
2300,79005
2301,2084
2302,3730
2303,13830
2304,9382
2305,35619
2306,1506
2307,8978
2308,20478
2309,1067
2310,17979
2311,3154
2312,1625
2313,41500
2314,17979
2315,21418
2316,1086
2317,24175
2318,326
2319,41500
2320,45431
2321,111
2322,4833
2323,79005
2324,29626
2325,20649
2326,21262
2327,6085
2328,531
2329,1242
2330,7347
2331,95389
2332,95389
2333,110143
2334,41638
2335,55322
2336,57612
2337,11786
2338,14441
2339,3316
2340,8187
2341,9907
2342,2786
2343,285
2344,63540
2345,978
2346,3682
2347,185
2348,1456
2349,13830
2350,4997
2351,410
2352,10626
2353,125886
2354,98558
2355,8057
2356,445
2357,15148
2358,8833
2359,4141
2360,56484
2361,3025
2362,25659
2363,756
2364,6322
2365,560
2366,125886
2367,2512
2368,90
2369,26734
2370,18527
2371,8168
2372,1848
2373,20145
2374,218
2375,2115
2376,8880
2377,180
2378,426
2379,14954
2380,30810
2381,35581
2382,231
2383,20145
2384,25439
2385,762
2386,1169
2387,33295
2388,4331
2389,5299
2390,5202
2391,11277
2392,28526
2393,2224
2394,19774
2395,4183
2396,768
2397,790
2398,15237
2399,430
2400,119
2401,4764
2402,32196
2403,14
2404,2973
2405,34885
2406,41638
2407,3061
2408,3114
2409,5147
2410,2557
2411,3764
2412,2745
2413,62470
2414,3842
2415,1618
2416,21510
2417,258
2418,39529
2419,90
2420,66245
2421,3926
2422,18598
2423,3805
2424,3926
2425,543
2426,487
2427,10741
2428,5083
2429,22543
2430,564
2431,538
2432,667
2433,29626
2434,22438
2435,8187
2436,44936
2437,19302
2438,8961
2439,5950
2440,7010
2441,44936
2442,16897
2443,1566
2444,327
2445,3542
2446,62238
2447,56018
2448,23990
2449,53781
2450,16192
2451,8961
2452,4860
2453,14924
2454,55120
2455,1482
2456,1566
2457,42142
2458,3147
2459,23065
2460,583
2461,11714
2462,81
2463,105644
2464,109
2465,34885
2466,49650
2467,4082
2468,5077
2469,11906
2470,13809
2471,14468
2472,6312
2473,5361
2474,22034
2475,5448
2476,105
2477,1759
2478,626
2479,1197
2480,13571
2481,19048
2482,29937
2483,1688
2484,4545
2485,19926
2486,42142
2487,17775
2488,16051
2489,10297
2490,16707
2491,9370
2492,3395
2493,2300
2494,222045
2495,76361
2496,23643
2497,36111
2498,2813
2499,17573
2500,8978
2501,19913
2502,8359
2503,383
2504,9820
2505,3394
2506,2094
2507,38411
2508,277
2509,328
2510,25464
2511,152432
2512,9382
2513,11277
2514,122786
2515,1805
2516,2160
2517,4041
2518,249
2519,16546
2520,54
2521,10329
2522,45590
2523,6450
2524,769397
2525,2795
2526,8814
2527,13089
2528,12248
2529,38740
2530,152432
2531,14347
2532,6624
2533,6650
2534,5973
2535,10154
2536,37928
2537,53592
2538,2523
2539,32387
2540,45431
2541,421
2542,1597
2543,29185
2544,83702
2545,49469
2546,425
2547,62238
2548,102716
2549,8583
2550,1617
2551,123
2552,20535
2553,53781
2554,14500
2555,498
2556,541
2557,13571
2558,2292
2559,23895
2560,754
2561,40155
2562,32133
2563,1890
2564,279
2565,7563
2566,18794
2567,33672
2568,1255
2569,3448
2570,3943
2571,973
2572,109
2573,1718
2574,128
2575,53577
2576,6936
2577,29185
2578,169
2579,1516
2580,8856
2581,5079
2582,3049
2583,155
2584,88590
2585,4925
2586,168736
2587,13830
2588,42142
2589,12543
2590,7435
2591,211
2592,1466
2593,4764
2594,13830
2595,16617
2596,203
2597,15188
2598,31038
2599,3873
2600,1677
2601,38975
2602,383
2603,667
2604,4607
2605,5079
2606,36111
2607,35581
2608,76001
2609,1364
2610,1190
2611,4934
2612,2973
2613,5645
2614,3114
2615,32196
2616,13554
2617,11891
2618,10323
2619,31457
2620,37016
2621,21213
2622,9793
2623,97632
2624,2024
2625,2738
2626,33295
2627,20396
2628,11503
2629,1490
2630,13089
2631,15829
2632,7030
2633,1503
2634,511
2635,2934
2636,995
2637,1890
2638,7751
2639,249
2640,723
2641,284
2642,9446
2643,110143
2644,125
2645,14150
2646,1642
2647,488
2648,9820
2649,698
2650,58615
2651,1567
2652,29679
2653,3505
2654,8248
2655,83702
2656,12543
2657,19095
2658,6925
2659,222045
2660,1642
2661,2554
2662,419
2663,6988
2664,93285
2665,3094
2666,9735
2667,13022
2668,738
2669,4821
2670,1874
2671,1039
2672,15745
2673,16752
2674,29937
2675,69679
2676,219304
2677,2912
2678,358859
2679,26445
2680,1685
2681,647
2682,23643
2683,45979
2684,8304
2685,140828
2686,483
2687,110
2688,33296
2689,13452
2690,863
2691,23643
2692,105644
2693,4934
2694,151
2695,750
2696,1136
2697,5645
2698,18806
2699,20580
2700,11717
2701,8314
2702,4562
2703,10050
2704,1250
2705,768
2706,55135
2707,2115
2708,85
2709,108299
2710,39211
2711,2556
2712,11131
2713,67301
2714,6243
2715,98558
2716,31965
2717,21443
2718,262
2719,1507
2720,10635
2721,2600
2722,47183
2723,17979
2724,4429
2725,786
2726,13979
2727,281
2728,682
2729,6833
2730,16827
2731,22543
2732,6988
2733,344
2734,10135
2735,658
2736,8839
2737,7131
2738,20535
2739,54
2740,17979
2741,75
2742,6243
2743,1444
2744,15881
2745,5175
2746,37157
2747,1134
2748,24207
2749,4758
2750,14341
2751,21125
2752,69679
2753,22801
2754,8833
2755,23744
2756,8503
2757,2183
2758,7740
2759,3437
2760,1425
2761,22725
2762,54
2763,51526
2764,13625
2765,134
2766,470
2767,1398
2768,3093
2769,26914
2770,19048
2771,2224
2772,37491
2773,1854
2774,3910
2775,20887
2776,383
2777,4675
2778,11779
2779,60289
2780,8814
2781,142046
2782,427
2783,1039
2784,10197
2785,279
2786,474
2787,20649
2788,1132
2789,11906
2790,3777
2791,14223
2792,2365
2793,43592
2794,5079
2795,34879
2796,43941
2797,102716
2798,1195
2799,53592
2800,79005
2801,1630
2802,6335
2803,754
2804,17573
2805,21443
2806,56430
2807,861
2808,7180
2809,1089
2810,55322
2811,49650
2812,18368
2813,317
2814,2295
2815,28147
2816,605
2817,24787
2818,6085
2819,2124
2820,9382
2821,2365
2822,49469
2823,141101
2824,20262
2825,31936
2826,1740
2827,74975
2828,2971
2829,1172
2830,25033
2831,71035
2832,652
2833,19004
2834,5685
2835,36877
2836,9727
2837,57326
2838,4612
2839,19774
2840,25656
2841,32507
2842,458
2843,19913
2844,13543
2845,222045
2846,8814
2847,6833
2848,1482
2849,65698
2850,11954
2851,6657
2852,8973
2853,6432
2854,1494
2855,4685
2856,7060
2857,72
2858,44936
2859,68489
2860,4860
2861,2583
2862,16815
2863,5517
2864,8973
2865,5144
2866,4043
2867,10908
2868,948
2869,21125
2870,21125
2871,225
2872,5175
2873,37
2874,574
2875,6175
2876,14772
2877,11853
2878,16535
2879,142046
2880,302
2881,6866
2882,1987
2883,95198
2884,343
2885,29626
2886,153977
2887,9013
2888,20478
2889,13417
2890,95198
2891,170
2892,14150
2893,2468
2894,16761
2895,15454
2896,25894
2897,126
2898,16296
2899,10225
2900,78074
2901,5887
2902,1916
2903,2646
2904,4041
2905,4587
2906,2567
2907,19037
2908,43592
2909,29185
2910,125573
2911,801
2912,20737
2913,34111
2914,12506
2915,231
2916,84144
2917,5509
2918,23140
2919,92084
2920,11779
2921,27971
2922,154
2923,27971
2924,16249
2925,1869
2926,10852
2927,869
2928,1494
2929,1171
2930,5036
2931,52029
2932,229
2933,1419
2934,31936
2935,2813
2936,6389
2937,642
2938,54619
2939,9139
2940,12947
2941,5406
2942,774
2943,3213
2944,25659
2945,119
2946,2115
2947,21443
2948,4934
2949,2174
2950,37928
2951,13417
2952,5950
2953,29626
2954,66
2955,3022
2956,21748
2957,56356
2958,97632
2959,36877
2960,14337
2961,1123
2962,667
2963,231
2964,47473
2965,12929
2966,243
2967,56484
2968,1792
2969,615
2970,22402
2971,2781
2972,11547
2973,297
2974,973
2975,647
2976,1466
2977,22422
2978,1854
2979,79005
2980,2738
2981,5495
2982,14441
2983,10908
2984,46113
2985,19095
2986,16711
2987,6488
2988,1489
2989,5900
2990,110143
2991,1398
2992,8107
2993,270
2994,27768
2995,35032
2996,20737
2997,55462
2998,8833
2999,776
3000,34508
3001,37510
3002,15731
3003,23744
3004,49650
3005,222045
3006,83702
3007,216707
3008,97632
3009,136
3010,1323
3011,2686
3012,31965
3013,1456
3014,10202
3015,34855
3016,4787
3017,23481
3018,2848
3019,72470
3020,34879
3021,27111
3022,11423
3023,9489
3024,21529
3025,10132
3026,33646
3027,6085
3028,2365
3029,96183
3030,5079
3031,4454
3032,1524
3033,13929
3034,10154
3035,49469
3036,22955
3037,18743
3038,6833
3039,34879
3040,1325
3041,84144
3042,120330
3043,54619
3044,13089
3045,12282
3046,6970
3047,9820
3048,7232
3049,23895
3050,786
3051,19004
3052,8931
3053,48716
3054,1829
3055,50122
3056,10075
3057,2450
3058,40155
3059,739
3060,41638
3061,13571
3062,1444
3063,6833
3064,76975
3065,2450
3066,18594
3067,198
3068,19037
3069,31965
3070,25221
3071,45979
3072,4082
3073,17979
3074,242
3075,2929
3076,19413
3077,7766
3078,835
3079,19751
3080,11552
3081,25221
3082,8583
3083,9370
3084,3211
3085,10007
3086,35517
3087,804
3088,25221
3089,16827
3090,26506
3091,37491
3092,384
3093,118824
3094,113
3095,1550
3096,11892
3097,513
3098,3286
3099,33296
3100,105238
3101,5509
3102,34885
3103,3634
3104,2505
3105,78074
3106,7203
3107,22034
3108,2738
3109,13119
3110,7489
3111,9508
3112,93285
3113,1650
3114,358859
3115,216707
3116,13830
3117,147
3118,22955
3119,4097
3120,10908
3121,12282
3122,22800
3123,47195
3124,35581
3125,2318
3126,2842
3127,18387
3128,24608
3129,11026
3130,17434
3131,427
3132,40155
3133,3842
3134,31038
3135,2778
3136,3437
3137,1598
3138,874
3139,13089
3140,988
3141,34885
3142,249427
3143,1963
3144,49650
3145,222
3146,237248
3147,13939
3148,7489
3149,4758
3150,219304
3151,105644
3152,2192
3153,1005
3154,2431
3155,2929
3156,12973
3157,32
3158,5186
3159,2723
3160,17280
3161,13979
3162,2661
3163,11547
3164,5293
3165,12493
3166,40155
3167,4021
3168,3784
3169,56484
3170,22884
3171,108299
3172,5624
3173,4289
3174,11848
3175,15069
3176,4685
3177,46082
3178,37491
3179,22034
3180,16051
3181,5092
3182,52029
3183,556
3184,84144
3185,3209
3186,651
3187,3505
3188,13979
3189,4394
3190,14747
3191,32249
3192,2241
3193,6988
3194,10741
3195,2245
3196,4653
3197,29974
3198,17786
3199,13571
3200,53705
3201,25659
3202,1262
3203,76975
3204,867
3205,25656
3206,30999
3207,34140
3208,2328
3209,21696
3210,2998
3211,17775
3212,11892
3213,8503
3214,1275
3215,34885
3216,12691
3217,16707
3218,5049
3219,9100
3220,22725
3221,140
3222,349
3223,1490
3224,33708
3225,33708
3226,2701
3227,2928
3228,3401
3229,149627
3230,10860
3231,11891
3232,49
3233,142046
3234,19413
3235,11853
3236,3753
3237,1454
3238,284
3239,2321
3240,28926
3241,1959
3242,38411
3243,7180
3244,13089
3245,222045
3246,32196
3247,56484
3248,183068
3249,37928
3250,17434
3251,14875
3252,18594
3253,224
3254,4240
3255,327
3256,4844
3257,2904
3258,8304
3259,8044
3260,14150
3261,3339
3262,10050
3263,5685
3264,22213
3265,18743
3266,3154
3267,2846
3268,97
3269,98558
3270,436
3271,21478
3272,8833
3273,6613
3274,23644
3275,2163
3276,11547
3277,874
3278,1642
3279,125886
3280,5559
3281,11261
3282,69679
3283,105238
3284,5114
3285,209789
3286,10329
3287,17078
3288,12807
3289,3475
3290,12282
3291,1357
3292,16546
3293,13830
3294,47183
3295,24259
3296,112
3297,9071
3298,20856
3299,37928
3300,19582
3301,78381
3302,29562
3303,22213
3304,2795
3305,6334
3306,4098
3307,314
3308,37661
3309,696
3310,231
3311,47183
3312,10635
3313,185
3314,37510
3315,79005
3316,26353
3317,1571
3318,3154
3319,97632
3320,23481
3321,3382
3322,626
3323,183068
3324,36860
3325,1811
3326,11423
3327,734
3328,9660
3329,47183
3330,109
3331,9462
3332,2450
3333,8957
3334,29626
3335,6432
3336,75016
3337,903
3338,1363
3339,1180
3340,83702
3341,290
3342,17434
3343,28147
3344,278
3345,142046
3346,97632
3347,5448
3348,12947
3349,11546
3350,15930
3351,2020
3352,12087
3353,4773
3354,517
3355,3832
3356,105644
3357,2328
3358,14468
3359,9071
3360,9647
3361,3147
3362,68489
3363,25656
3364,55580
3365,382
3366,44936
3367,20065
3368,595
3369,6420
3370,9786
3371,626
3372,54619
3373,47473
3374,1393
3375,1977
3376,14341
3377,1334
3378,52343
3379,37818
3380,29841
3381,2320
3382,35619
3383,22438
3384,4049
3385,2450
3386,8302
3387,1605
3388,17762
3389,513
3390,9024
3391,70
3392,1759
3393,17573
3394,29626
3395,1632
3396,29843
3397,1566
3398,222045
3399,11891
3400,41638
3401,6874
3402,35581
3403,1419
3404,15829
3405,3437
3406,97
3407,29843
3408,1963
3409,8961
3410,79005
3411,4213
3412,41500
3413,30810
3414,122786
3415,27971
3416,33296
3417,295
3418,9225
3419,976
3420,42596
3421,9139
3422,858
3423,4070
3424,41426
3425,37928
3426,1243
3427,5880
3428,30810
3429,56018
3430,8107
3431,71
3432,112
3433,71373
3434,2379
3435,1551
3436,1466
3437,154
3438,1037
3439,17976
3440,8839
3441,19334
3442,21125
3443,22034
3444,142046
3445,37928
3446,651
3447,12669
3448,481
3449,83639
3450,850
3451,605
3452,19004
3453,3310
3454,281
3455,29562
3456,3301
3457,15930
3458,477
3459,32133
3460,976
3461,17302
3462,14337
3463,46113
3464,4934
3465,1076
3466,1496
3467,6028
3468,1872
3469,1399
3470,881
3471,21283
3472,5800
3473,39211
3474,10509
3475,20145
3476,100793
3477,14341
3478,7284
3479,8957
3480,14223
3481,1992
3482,2318
3483,11261
3484,32596
3485,96358
3486,44936
3487,38
3488,56018
3489,620
3490,737
3491,4098
3492,1806
3493,13287
3494,358859
3495,1419
3496,991
3497,21213
3498,11779
3499,6303
3500,9674
3501,33287
3502,750
3503,13543
3504,403
3505,400
3506,17976
3507,15076
3508,199
3509,1890
3510,988
3511,21213
3512,98558
3513,426
3514,2972
3515,1066
3516,4163
3517,2567
3518,4821
3519,23065
3520,47183
3521,279
3522,2128
3523,63540
3524,15188
3525,1197
3526,41638
3527,15454
3528,6189
3529,7740
3530,10390
3531,11906
3532,4562
3533,26445
3534,26353
3535,29626
3536,5816
3537,76001
3538,976
3539,95
3540,153977
3541,140828
3542,21510
3543,328
3544,1770
3545,37491
3546,1981
3547,3394
3548,345
3549,116160
3550,6488
3551,17662
3552,37661
3553,15493
3554,6108
3555,31549
3556,3505
3557,797
3558,6613
3559,38
3560,253
3561,3880
3562,2650
3563,93074
3564,9676
3565,13809
3566,5368
3567,2378
3568,19582
3569,12506
3570,4998
3571,27111
3572,14998
3573,9382
3574,5509
3575,455
3576,35308
3577,21213
3578,11026
3579,9489
3580,8957
3581,43941
3582,6591
3583,3753
3584,165308
3585,17434
3586,1890
3587,254
3588,2275
3589,4340
3590,13625
3591,14795
3592,9100
3593,118261
3594,1267
3595,2368
3596,13554
3597,7183
3598,83702
3599,7010
3600,21213
3601,656
3602,183068
3603,19413
3604,4545
3605,12816
3606,1854
3607,9071
3608,761
3609,3696
3610,126190
3611,4612
3612,278
3613,13809
3614,21283
3615,5045
3616,3049
3617,49464
3618,11552
3619,112164
3620,2929
3621,14747
3622,335
3623,4997
3624,6970
3625,13830
3626,29562
3627,5891
3628,4607
3629,28926
3630,269
3631,3209
3632,9907
3633,20706
3634,221
3635,142046
3636,8973
3637,3947
3638,19095
3639,26947
3640,47183
3641,10599
3642,75281
3643,112
3644,37404
3645,25221
3646,20535
3647,9528
3648,14747
3649,22725
3650,287
3651,53055
3652,449
3653,68489
3654,3029
3655,2205
3656,7154
3657,3200
3658,46499
3659,10225
3660,14350
3661,33708
3662,222045
3663,22402
3664,9528
3665,20706
3666,1740
3667,278
3668,22438
3669,8957
3670,172
3671,142046
3672,973
3673,22904
3674,29626
3675,47183
3676,113666
3677,44936
3678,485
3679,313
3680,13554
3681,5161
3682,33287
3683,3836
3684,8586
3685,8586
3686,2318
3687,7030
3688,9446
3689,4043
3690,6862
3691,15216
3692,833
3693,29974
3694,11954
3695,6432
3696,20720
3697,47195
3698,3147
3699,95198
3700,142046
3701,218
3702,765
3703,709
3704,2764
3705,692
3706,27324
3707,20478
3708,7961
3709,2720
3710,10860
3711,53705
3712,43592
3713,5448
3714,2567
3715,2979
3716,21748
3717,96351
3718,13682
3719,2321
3720,3545
3721,557
3722,16296
3723,855
3724,4081
3725,3819
3726,13903
3727,13554
3728,20649
3729,14337
3730,39211
3731,3025
3732,31936
3733,1551
3734,3468
3735,352
3736,6525
3737,9735
3738,5817
3739,83639
3740,1447
3741,24787
3742,23744
3743,3510
3744,3270
3745,100793
3746,700
3747,32007
3748,97632
3749,10599
3750,38411
3751,6450
3752,18794
3753,19001
3754,11646
3755,56356
3756,285
3757,33074
3758,62238
3759,14112
3760,49469
3761,30810
3762,1171
3763,37016
3764,15036
3765,12614
3766,20040
3767,1096
3768,8833
3769,13554
3770,83702
3771,26445
3772,8973
3773,5973
3774,38119
3775,13543
3776,17979
3777,547
3778,320
3779,27230
3780,11547
3781,34111
3782,2318
3783,49671
3784,37404
3785,183
3786,4687
3787,4213
3788,2566
3789,20145
3790,10202
3791,7723
3792,3200
3793,65517
3794,13830
3795,38119
3796,16807
3797,7435
3798,11552
3799,37016
3800,130
3801,8228
3802,10050
3803,30999
3804,2927
3805,8961
3806,42142
3807,410
3808,19913
3809,197
3810,34885
3811,2468
3812,112164
3813,17552
3814,27971
3815,29843
3816,116160
3817,7900
3818,5161
3819,4082
3820,5973
3821,19895
3822,8304
3823,22422
3824,27111
3825,22402
3826,1066
3827,481
3828,12816
3829,15210
3830,868
3831,7961
3832,474
3833,2124
3834,2325
3835,2646
3836,100793
3837,739
3838,10703
3839,79114
3840,2318
3841,8125
3842,4607
3843,10329
3844,105238
3845,2054
3846,3634
3847,4182
3848,19951
3849,21510
3850,3805
3851,9024
3852,1829
3853,10559
3854,34111
3855,13668
3856,24595
3857,154854
3858,3442
3859,4130
3860,125886
3861,8880
3862,4070
3863,11961
3864,96351
3865,51593
3866,964
3867,1872
3868,27230
3869,5697
3870,95389
3871,120330
3872,120330
3873,14022
3874,88632
3875,33268
3876,29562
3877,429
3878,66245
3879,118824
3880,47183
3881,9585
3882,15829
3883,247
3884,2816
3885,284
